[
	{
		"id": 1,
		"content": "nec molestie sed justo pellentesque viverra pede ac diam cras pellentesque volutpat dui maecenas tristique",
		"image": "http://dummyimage.com/207x100.png/5fa2dd/ffffff",
		"thumbnail": "https://robohash.org/laborumomnisoptio.png?size=50x50&set=set1",
		"name": "Ogdon Calvert",
		"publishedAt": "8/6/2022 03:38:03"
	},
	{
		"id": 2,
		"content": "pretium iaculis justo in hac habitasse platea dictumst etiam faucibus cursus urna ut tellus nulla",
		"image": "http://dummyimage.com/146x100.png/cc0000/ffffff",
		"thumbnail": "https://robohash.org/etdolorinventore.png?size=50x50&set=set1",
		"name": "Adria Cassley",
		"publishedAt": "7/19/2022 21:26:55"
	},
	{
		"id": 3,
		"content": "in lacus curabitur at ipsum ac tellus semper interdum mauris ullamcorper purus sit amet nulla quisque arcu libero rutrum ac lobortis vel dapibus at diam nam",
		"image": "http://dummyimage.com/218x100.png/dddddd/000000",
		"thumbnail": "https://robohash.org/fugiatinvero.png?size=50x50&set=set1",
		"name": "Lynette Esseby",
		"publishedAt": "3/23/2022 15:17:16"
	},
	{
		"id": 4,
		"content": "scelerisque quam turpis adipiscing lorem vitae mattis nibh ligula nec sem",
		"image": "http://dummyimage.com/235x100.png/ff4444/ffffff",
		"thumbnail": "https://robohash.org/quiomnisperspiciatis.png?size=50x50&set=set1",
		"name": "Clyde Bradshaw",
		"publishedAt": "9/30/2022 07:52:55"
	},
	{
		"id": 5,
		"content": "lectus vestibulum quam sapien varius ut blandit non interdum in ante vestibulum",
		"image": "http://dummyimage.com/245x100.png/dddddd/000000",
		"thumbnail": "https://robohash.org/repellatsaepelaboriosam.png?size=50x50&set=set1",
		"name": "Flemming Beadnall",
		"publishedAt": "5/16/2022 13:18:52"
	},
	{
		"id": 6,
		"content": "ultrices enim lorem ipsum dolor sit amet consectetuer adipiscing elit proin interdum mauris non ligula pellentesque ultrices phasellus id sapien in sapien iaculis congue vivamus",
		"image": "http://dummyimage.com/151x100.png/dddddd/000000",
		"thumbnail": "https://robohash.org/reprehenderitquosiusto.png?size=50x50&set=set1",
		"name": "Eberhard Grisedale",
		"publishedAt": "1/15/2022 16:38:57"
	},
	{
		"id": 7,
		"content": "quis odio consequat varius integer ac leo pellentesque ultrices mattis odio donec vitae nisi",
		"image": "http://dummyimage.com/180x100.png/dddddd/000000",
		"thumbnail": "https://robohash.org/beataedelenitieos.png?size=50x50&set=set1",
		"name": "Karry Coumbe",
		"publishedAt": "12/6/2022 23:39:40"
	},
	{
		"id": 8,
		"content": "natoque penatibus et magnis dis parturient montes nascetur ridiculus mus vivamus vestibulum sagittis sapien cum sociis natoque penatibus et",
		"image": "http://dummyimage.com/128x100.png/cc0000/ffffff",
		"thumbnail": "https://robohash.org/doloresvelitaliquid.png?size=50x50&set=set1",
		"name": "Dore Sauter",
		"publishedAt": "2/7/2022 21:35:17"
	},
	{
		"id": 9,
		"content": "vestibulum velit id pretium iaculis diam erat fermentum justo nec condimentum",
		"image": "http://dummyimage.com/240x100.png/ff4444/ffffff",
		"thumbnail": "https://robohash.org/voluptatemetquis.png?size=50x50&set=set1",
		"name": "Sonnie Bosward",
		"publishedAt": "11/10/2022 11:44:47"
	},
	{
		"id": 10,
		"content": "id lobortis convallis tortor risus dapibus augue vel accumsan tellus nisi eu orci mauris lacinia sapien quis libero nullam sit amet turpis elementum ligula vehicula consequat morbi",
		"image": "http://dummyimage.com/157x100.png/ff4444/ffffff",
		"thumbnail": "https://robohash.org/totamcorruptilaudantium.png?size=50x50&set=set1",
		"name": "Anjela MacDonagh",
		"publishedAt": "2/18/2022 08:27:03"
	},
	{
		"id": 11,
		"content": "quisque porta volutpat erat quisque erat eros viverra eget congue eget semper rutrum nulla nunc purus phasellus in felis donec semper sapien a libero nam dui",
		"image": "http://dummyimage.com/185x100.png/ff4444/ffffff",
		"thumbnail": "https://robohash.org/omnisperspiciatiscorrupti.png?size=50x50&set=set1",
		"name": "Chaddie Mouget",
		"publishedAt": "1/3/2022 22:18:31"
	},
	{
		"id": 12,
		"content": "ligula pellentesque ultrices phasellus id sapien in sapien iaculis congue vivamus metus arcu adipiscing molestie hendrerit at vulputate vitae nisl aenean lectus pellentesque eget nunc donec quis orci eget",
		"image": "http://dummyimage.com/180x100.png/ff4444/ffffff",
		"thumbnail": "https://robohash.org/autpraesentiumaperiam.png?size=50x50&set=set1",
		"name": "Beale Moncur",
		"publishedAt": "4/7/2022 08:25:31"
	},
	{
		"id": 13,
		"content": "lectus suspendisse potenti in eleifend quam a odio in hac habitasse platea",
		"image": "http://dummyimage.com/213x100.png/dddddd/000000",
		"thumbnail": "https://robohash.org/omniseiusnon.png?size=50x50&set=set1",
		"name": "Hatty Phalip",
		"publishedAt": "8/21/2022 18:52:45"
	},
	{
		"id": 14,
		"content": "eget tincidunt eget tempus vel pede morbi porttitor lorem id ligula suspendisse ornare consequat lectus in",
		"image": "http://dummyimage.com/151x100.png/5fa2dd/ffffff",
		"thumbnail": "https://robohash.org/suscipitquinesciunt.png?size=50x50&set=set1",
		"name": "Karrie Haslewood",
		"publishedAt": "9/14/2022 04:47:53"
	},
	{
		"id": 15,
		"content": "quam nec dui luctus rutrum nulla tellus in sagittis dui vel",
		"image": "http://dummyimage.com/129x100.png/ff4444/ffffff",
		"thumbnail": "https://robohash.org/voluptatibuslaborumvoluptate.png?size=50x50&set=set1",
		"name": "Leena Vittori",
		"publishedAt": "12/9/2022 23:11:46"
	},
	{
		"id": 16,
		"content": "ultrices libero non mattis pulvinar nulla pede ullamcorper augue a suscipit nulla elit ac",
		"image": "http://dummyimage.com/239x100.png/cc0000/ffffff",
		"thumbnail": "https://robohash.org/debitisenimin.png?size=50x50&set=set1",
		"name": "Diego Walklett",
		"publishedAt": "5/15/2022 03:54:30"
	},
	{
		"id": 17,
		"content": "erat eros viverra eget congue eget semper rutrum nulla nunc purus phasellus in felis donec semper sapien a libero nam dui proin leo odio",
		"image": "http://dummyimage.com/242x100.png/cc0000/ffffff",
		"thumbnail": "https://robohash.org/nisimagnitenetur.png?size=50x50&set=set1",
		"name": "Aurlie Pauwel",
		"publishedAt": "8/2/2022 21:49:44"
	},
	{
		"id": 18,
		"content": "faucibus orci luctus et ultrices posuere cubilia curae duis faucibus accumsan odio curabitur convallis duis consequat dui nec nisi volutpat eleifend",
		"image": "http://dummyimage.com/172x100.png/5fa2dd/ffffff",
		"thumbnail": "https://robohash.org/officiisaccusamusratione.png?size=50x50&set=set1",
		"name": "Clarie Goodricke",
		"publishedAt": "4/12/2022 13:29:55"
	},
	{
		"id": 19,
		"content": "a pede posuere nonummy integer non velit donec diam neque vestibulum",
		"image": "http://dummyimage.com/200x100.png/5fa2dd/ffffff",
		"thumbnail": "https://robohash.org/laborumetnam.png?size=50x50&set=set1",
		"name": "Albertine Gibbetts",
		"publishedAt": "6/2/2022 19:58:45"
	},
	{
		"id": 20,
		"content": "elementum nullam varius nulla facilisi cras non velit nec nisi vulputate nonummy maecenas tincidunt lacus at velit vivamus vel nulla",
		"image": "http://dummyimage.com/137x100.png/5fa2dd/ffffff",
		"thumbnail": "https://robohash.org/consequunturvoluptatesiure.png?size=50x50&set=set1",
		"name": "Flore Huxton",
		"publishedAt": "5/19/2022 19:20:48"
	},
	{
		"id": 21,
		"content": "proin interdum mauris non ligula pellentesque ultrices phasellus id sapien in sapien iaculis congue",
		"image": "http://dummyimage.com/201x100.png/5fa2dd/ffffff",
		"thumbnail": "https://robohash.org/veleosassumenda.png?size=50x50&set=set1",
		"name": "Nadiya Schultheiss",
		"publishedAt": "11/1/2022 08:37:15"
	},
	{
		"id": 22,
		"content": "pede ac diam cras pellentesque volutpat dui maecenas tristique est",
		"image": "http://dummyimage.com/174x100.png/ff4444/ffffff",
		"thumbnail": "https://robohash.org/aspernaturexsed.png?size=50x50&set=set1",
		"name": "Lucilia Berisford",
		"publishedAt": "7/30/2022 04:04:48"
	},
	{
		"id": 23,
		"content": "orci pede venenatis non sodales sed tincidunt eu felis fusce posuere felis sed lacus morbi sem mauris laoreet ut rhoncus aliquet pulvinar sed",
		"image": "http://dummyimage.com/107x100.png/5fa2dd/ffffff",
		"thumbnail": "https://robohash.org/vitaeetvoluptatibus.png?size=50x50&set=set1",
		"name": "Howard Gallyon",
		"publishedAt": "3/14/2022 11:17:25"
	},
	{
		"id": 24,
		"content": "faucibus orci luctus et ultrices posuere cubilia curae nulla dapibus dolor vel est donec odio justo sollicitudin ut suscipit a feugiat et eros vestibulum ac est lacinia",
		"image": "http://dummyimage.com/209x100.png/5fa2dd/ffffff",
		"thumbnail": "https://robohash.org/eosomnisconsequatur.png?size=50x50&set=set1",
		"name": "Win Kiloh",
		"publishedAt": "7/3/2022 03:28:29"
	},
	{
		"id": 25,
		"content": "ante vivamus tortor duis mattis egestas metus aenean fermentum donec ut mauris eget massa",
		"image": "http://dummyimage.com/204x100.png/ff4444/ffffff",
		"thumbnail": "https://robohash.org/sitsitvelit.png?size=50x50&set=set1",
		"name": "Niven Leverentz",
		"publishedAt": "6/11/2022 17:17:59"
	},
	{
		"id": 26,
		"content": "quis orci eget orci vehicula condimentum curabitur in libero ut massa volutpat convallis morbi odio odio elementum eu interdum eu tincidunt in leo maecenas pulvinar lobortis est phasellus sit amet",
		"image": "http://dummyimage.com/192x100.png/dddddd/000000",
		"thumbnail": "https://robohash.org/laborumsapienteeum.png?size=50x50&set=set1",
		"name": "Horacio Merrywether",
		"publishedAt": "1/15/2022 03:13:19"
	},
	{
		"id": 27,
		"content": "nibh in hac habitasse platea dictumst aliquam augue quam sollicitudin",
		"image": "http://dummyimage.com/126x100.png/dddddd/000000",
		"thumbnail": "https://robohash.org/utexcepturiet.png?size=50x50&set=set1",
		"name": "Ansley Halifax",
		"publishedAt": "11/18/2022 00:07:02"
	},
	{
		"id": 28,
		"content": "suspendisse potenti nullam porttitor lacus at turpis donec posuere metus vitae",
		"image": "http://dummyimage.com/193x100.png/5fa2dd/ffffff",
		"thumbnail": "https://robohash.org/magnamrerumipsa.png?size=50x50&set=set1",
		"name": "Trev Natt",
		"publishedAt": "7/26/2022 04:25:48"
	},
	{
		"id": 29,
		"content": "ipsum dolor sit amet consectetuer adipiscing elit proin interdum mauris non ligula pellentesque ultrices phasellus id sapien in sapien iaculis congue vivamus metus arcu adipiscing molestie",
		"image": "http://dummyimage.com/127x100.png/dddddd/000000",
		"thumbnail": "https://robohash.org/impeditsedtenetur.png?size=50x50&set=set1",
		"name": "Jarib Douse",
		"publishedAt": "10/12/2022 15:04:17"
	},
	{
		"id": 30,
		"content": "pede malesuada in imperdiet et commodo vulputate justo in blandit ultrices enim lorem ipsum dolor sit amet consectetuer adipiscing elit",
		"image": "http://dummyimage.com/189x100.png/dddddd/000000",
		"thumbnail": "https://robohash.org/temporibusconsequaturoccaecati.png?size=50x50&set=set1",
		"name": "Lyndy Elrick",
		"publishedAt": "5/19/2022 19:40:36"
	}
]
